activity,uc_owner,committee,risk_compliance,dpo,it_security,legal,procurement,internal_audit
Activity,Use-case owner,AI governance committee,Risk & compliance,Data protection officer,IT security,Legal,Procurement,Internal audit
Register a use case,A,,I,,,,,
Quick-check risk tiering,A,I,C,,,,,
Deep-dive assessment,A,I,C,C,C,,,
Select and implement controls,R,I,A,C,C,,,
Collect control evidence,A,,C,,,,,I
Third-party/vendor AI assessment,R,I,A,C,C,C,R,
Committee review and approval,I,A,C,,,,,I
Go-live decision,R,A,C,,C,,,
Monitoring and KPIs,A,I,C,,,,,
Incident handling,R,I,A,C,R,C,,
Periodic reassessment,A,I,C,,,,,
Retirement,A,I,I,,C,,,
Illustrative starting point. Adapt the roles to your organisation.,,,,,,,,