section,content
القسم,المحتوى
الغرض,يُنشئ هذا الميثاق لجنة حوكمة الذكاء الاصطناعي في [المؤسسة]. تتولى اللجنة مراجعة حالات استخدام الذكاء الاصطناعي في ضوء إطار تصنيف المخاطر والضوابط المعتمد لدى المؤسسة، وتصدر قرارات الاعتماد اللازمة قبل تفعيل حالة الاستخدام أو استمرارها في التشغيل.
النطاق,تُعرَض حالات استخدام الذكاء الاصطناعي على اللجنة وفق مستوى مخاطرها: تُعرَض عليها دائماً الحالات المصنَّفة مخاطر مرتفعة؛ وتُعرَض عليها عند الطلب فقط الحالات المصنَّفة مخاطر محدودة (على سبيل المثال، بحسب تقدير مالك حالة الاستخدام أو المراجع)؛ أما الحالات المصنَّفة غير مقبول فتُرفَض ولا تُعرَض على اللجنة.
العضوية,العضوية تكون حسب الدور الوظيفي وليس حسب الأفراد بالاسم، وتُسند كل مؤسسة موظفيها إلى هذه الأدوار: رئيس اللجنة؛ ممثل المخاطر والامتثال؛ ممثل حماية البيانات؛ ممثل أمن المعلومات؛ الممثل القانوني؛ مالك حالة الاستخدام قيد المراجعة؛ والتدقيق الداخلي بصفة مراقب لا يملك حق التصويت.
النصاب,يتحقق النصاب القانوني بحضور رئيس اللجنة (أو من ينوب عنه) إلى جانب ثلاثة أعضاء تصويت آخرين على الأقل، من بينهم ممثل المخاطر والامتثال، وممثل واحد على الأقل من حماية البيانات أو أمن المعلومات. لا يُشترط حضور التدقيق الداخلي لاكتمال النصاب، بصفته مراقباً لا يصوّت.
صلاحيات القرار,تسجّل اللجنة لكل حالة استخدام تراجعها أحد ثلاثة قرارات، بما يطابق قسم الاعتماد في تقرير حالة الاستخدام: اعتماد / اعتماد بشروط / رفض.
المدخلات,قبل مراجعة حالة الاستخدام، تتوقع اللجنة توفر: سجل الحالة مكتملاً؛ وتقييم الأثر؛ وقائمة التحقق من الضوابط مرفقة بالأدلة؛ وعند استخدام نموذج أو خدمة من طرف ثالث، تقييم مخاطر المورّد.
وتيرة الاجتماعات,تجتمع اللجنة وفق وتيرة محددة (شهرياً مثلاً)، ويمكن عقد اجتماع استثنائي للحالات المرتفعة المخاطر العاجلة أو الحوادث التي تتطلب قراراً سريعاً.
التصعيد,تُصعَّد الخلافات التي لا يمكن حلّها داخل اللجنة، أو المسائل التي تمسّ شهية المخاطر العامة لدى [المؤسسة]، إلى [الراعي التنفيذي / لجنة المخاطر].
حفظ السجلات,يُحتفَظ بمحاضر الاجتماعات والقرارات والأدلة الداعمة وفق سياسة الاحتفاظ بالسجلات لدى [المؤسسة]، وتُتاح للتدقيق الداخلي عند الطلب.
المراجعة السنوية للميثاق,تتم مراجعة هذا الميثاق مرة واحدة على الأقل سنوياً، أو في وقت أقرب إذا طرأ تغيير جوهري على إطار مخاطر الذكاء الاصطناعي لدى [المؤسسة]، وتُعتمد التحديثات من قبل [الراعي التنفيذي].