id,theme,title,control_text,references,verified,applies_from_tier,owner,status,evidence
المعرّف,المحور,الضابط,المطلوب,المراجع,حالة التحقق,يُطبَّق من مستوى المخاطر,المسؤول,الحالة,الأدلة
CTL-ACC-01,المساءلة,سياسة معتمدة للذكاء الاصطناعي,اعتماد سياسة للذكاء الاصطناعي من الإدارة العليا تحدد مبادئ الجهة ومستوى المخاطر المقبول وقواعد الموافقة على الاستخدامات، مع مراجعتها سنويًا على الأقل.,"أخلاقيات الذكاء الاصطناعي في دبي: Accountability; مبادئ أخلاقيات الذكاء الاصطناعي (سدايا): Accountability & Responsibility; آيزو/آي إي سي 42001: A.2.2, A.2.4; إطار NIST لإدارة مخاطر الذكاء الاصطناعي: GOVERN 1.2, GOVERN 2.3",تم التحقق,مخاطر منخفضة أو معدومة,,,
CTL-ACC-02,المساءلة,مالك مسؤول محدد بالاسم,تعيين مالك أعمال محدد بالاسم لكل حالة استخدام يتحمّل المسؤولية عن نتائجها، وتوثيق جهات الاتصال التقنية ومسؤولي البيانات والمخاطر المرتبطين بها.,ميثاق الإمارات للذكاء الاصطناعي: Governance and accountability; أخلاقيات الذكاء الاصطناعي في دبي: Accountability; مبادئ أخلاقيات الذكاء الاصطناعي (سدايا): Accountability & Responsibility; آيزو/آي إي سي 42001: A.3.2; إطار NIST لإدارة مخاطر الذكاء الاصطناعي: GOVERN 2.1,بحاجة إلى تحقق,مخاطر منخفضة أو معدومة,,,
CTL-ACC-03,المساءلة,سجل حالات استخدام الذكاء الاصطناعي,الاحتفاظ بسجل موحّد لجميع أنظمة الذكاء الاصطناعي المستخدمة أو قيد التطوير، يتضمن المالك والغرض والبيانات المستخدمة ومستوى المخاطر والحالة، وتحديثه باستمرار.,مبادئ أخلاقيات الذكاء الاصطناعي (سدايا): Accountability & Responsibility; آيزو/آي إي سي 42001: A.4.2; إطار NIST لإدارة مخاطر الذكاء الاصطناعي: GOVERN 1.6,تم التحقق,مخاطر منخفضة أو معدومة,,,
CTL-ACC-04,المساءلة,تقييم الأثر قبل الموافقة,إجراء تقييم للأثر المحتمل على الأفراد والفئات والجهة قبل الموافقة على حالة الاستخدام، وتوثيق النتائج، وإعادة التقييم عند حدوث تغيير جوهري في النظام.,"أخلاقيات الذكاء الاصطناعي في دبي: Accountability; مبادئ أخلاقيات الذكاء الاصطناعي (سدايا): Accountability & Responsibility; آيزو/آي إي سي 42001: A.5.2, A.5.3, A.5.4; إطار NIST لإدارة مخاطر الذكاء الاصطناعي: MAP 1.1, MAP 5.1; قانون الاتحاد الأوروبي للذكاء الاصطناعي: Art. 9, Art. 27",تم التحقق,مخاطر محدودة,,,
CTL-ACC-05,المساءلة,بوابة قرار الإطلاق,اشتراط قرار موثّق بالإطلاق أو عدمه من لجنة أو مسؤول مخوّل قبل تشغيل أي نظام عالي المخاطر، بناءً على نتائج الاختبار والمخاطر المتبقية.,"مبادئ أخلاقيات الذكاء الاصطناعي (سدايا): Accountability & Responsibility, Reliability & Safety; آيزو/آي إي سي 42001: A.6.2.5; إطار NIST لإدارة مخاطر الذكاء الاصطناعي: MANAGE 1.1, GOVERN 2.3",تم التحقق,مخاطر مرتفعة,,,
CTL-ACC-06,المساءلة,العناية الواجبة تجاه موردي الذكاء الاصطناعي,قبل شراء نموذج أو خدمة ذكاء اصطناعي من طرف ثالث أو دمجها، يجب مراجعة توثيقها وطريقة معالجتها للبيانات وحدودها المعروفة، وتحديد مسؤوليات الإشراف والحوادث والتحديثات في العقد.,"أخلاقيات الذكاء الاصطناعي في دبي: Accountability; مبادئ أخلاقيات الذكاء الاصطناعي (سدايا): Transparency & Explainability; آيزو/آي إي سي 42001: A.10.2, A.10.3; إطار NIST لإدارة مخاطر الذكاء الاصطناعي: GOVERN 6.1, MANAGE 3.1; قانون الاتحاد الأوروبي للذكاء الاصطناعي: Art. 25",تم التحقق,مخاطر محدودة,,,
CTL-ACC-07,المساءلة,الثقافة المعرفية بالذكاء الاصطناعي للموظفين,تدريب الموظفين الذين يطوّرون أنظمة الذكاء الاصطناعي أو يشغّلونها أو يعتمدون عليها على قدراتها وحدودها وعلى مسؤولياتهم، بما يتناسب مع أدوارهم.,"ميثاق الإمارات للذكاء الاصطناعي: Promoting AI awareness for an inclusive society; آيزو/آي إي سي 42001: A.4.6; إطار NIST لإدارة مخاطر الذكاء الاصطناعي: GOVERN 2.2, MAP 3.4; قانون الاتحاد الأوروبي للذكاء الاصطناعي: Art. 4",بحاجة إلى تحقق,مخاطر منخفضة أو معدومة,,,
CTL-ACC-08,المساءلة,هوية الوكيل الذكي ومسؤوليته,منح كل وكيل ذكي هوية مستقلة خاصة به (لا حسابًا مشتركًا أو شخصيًا) ومالكًا بشريًا محددًا بالاسم، بحيث يمكن نسبة كل إجراء يقوم به إلى الوكيل وإلى الشخص المسؤول عنه.,"أخلاقيات الذكاء الاصطناعي في دبي: Accountability; مبادئ أخلاقيات الذكاء الاصطناعي (سدايا): Accountability & Responsibility; آيزو/آي إي سي 42001: A.3.2; إطار NIST لإدارة مخاطر الذكاء الاصطناعي: GOVERN 2.1, GOVERN 3.2",تم التحقق,مخاطر محدودة,,,
CTL-TRA-01,الشفافية,الإفصاح عن التعامل مع الذكاء الاصطناعي,إبلاغ الأشخاص بوضوح، منذ بداية التفاعل، بأنهم يتعاملون مع نظام ذكاء اصطناعي وليس مع موظف بشري.,ميثاق الإمارات للذكاء الاصطناعي: Transparency; أخلاقيات الذكاء الاصطناعي في دبي: Transparency; مبادئ أخلاقيات الذكاء الاصطناعي (سدايا): Transparency & Explainability; آيزو/آي إي سي 42001: A.8.2; قانون الاتحاد الأوروبي للذكاء الاصطناعي: Art. 50,بحاجة إلى تحقق,مخاطر منخفضة أو معدومة,,,
CTL-TRA-02,الشفافية,وسم المحتوى المُنشأ بالذكاء الاصطناعي,وسم النصوص والصور والمقاطع الصوتية أو المرئية المُنتجة بالذكاء الاصطناعي التوليدي بأنها مُنشأة آليًا قبل نشرها أو إرسالها للجمهور.,أخلاقيات الذكاء الاصطناعي في دبي: Security; مبادئ أخلاقيات الذكاء الاصطناعي (سدايا): Transparency & Explainability; آيزو/آي إي سي 42001: A.8.2; قانون الاتحاد الأوروبي للذكاء الاصطناعي: Art. 50,تم التحقق,مخاطر منخفضة أو معدومة,,,
CTL-TRA-03,الشفافية,تقديم التفسير عند الطلب,توفير وسيلة ميسّرة تتيح للشخص المتأثر بقرار مهم استند إلى الذكاء الاصطناعي طلب تفسير بلغة واضحة للعوامل الرئيسية وراء القرار والحصول عليه.,أخلاقيات الذكاء الاصطناعي في دبي: Explainability; مبادئ أخلاقيات الذكاء الاصطناعي (سدايا): Transparency & Explainability; آيزو/آي إي سي 42001: A.8.2; إطار NIST لإدارة مخاطر الذكاء الاصطناعي: MEASURE 2.9; قانون الاتحاد الأوروبي للذكاء الاصطناعي: Art. 86,تم التحقق,مخاطر مرتفعة,,,
CTL-TRA-04,الشفافية,إخطار الأفراد بالقرارات المدعومة بالذكاء الاصطناعي,إخطار الأفراد عندما يُتخذ قرار يؤثر فيهم تأثيرًا مهمًا بواسطة نظام ذكاء اصطناعي أو بدعم منه، بمن فيهم الموظفون المتأثرون باستخدامه في بيئة العمل.,أخلاقيات الذكاء الاصطناعي في دبي: Transparency; مبادئ أخلاقيات الذكاء الاصطناعي (سدايا): Transparency & Explainability; آيزو/آي إي سي 42001: A.8.5; قانون الاتحاد الأوروبي للذكاء الاصطناعي: Art. 26,تم التحقق,مخاطر مرتفعة,,,
CTL-TRA-05,الشفافية,توثيق النظام,الاحتفاظ بتوثيق لكل نظام يشمل الغرض والتصميم والبيانات وإصدار النموذج ونتائج الاختبار والقيود المعروفة، بدرجة تفصيل تمكّن المراجع من فهمه.,"أخلاقيات الذكاء الاصطناعي في دبي: Transparency; مبادئ أخلاقيات الذكاء الاصطناعي (سدايا): Reliability & Safety, Transparency & Explainability; آيزو/آي إي سي 42001: A.6.2.3, A.6.2.7; إطار NIST لإدارة مخاطر الذكاء الاصطناعي: MAP 2.1, MAP 2.2; قانون الاتحاد الأوروبي للذكاء الاصطناعي: Art. 11",تم التحقق,مخاطر محدودة,,,
CTL-TRA-06,الشفافية,إفصاح عام عن استخدام الذكاء الاصطناعي,نشر ملخص بلغة واضحة يبيّن مواضع استخدام الجهة للذكاء الاصطناعي في خدماتها للجمهور، والبيانات التي تعتمد عليها، وطريقة تقديم الملاحظات أو الشكاوى.,أخلاقيات الذكاء الاصطناعي في دبي: Transparency; مبادئ أخلاقيات الذكاء الاصطناعي (سدايا): Transparency & Explainability; آيزو/آي إي سي 42001: A.8.5; إطار NIST لإدارة مخاطر الذكاء الاصطناعي: GOVERN 4.2,تم التحقق,مخاطر محدودة,,,
CTL-TRA-07,الشفافية,تعليمات الاستخدام للمشغّلين,تزويد من يشغّلون النظام أو يعتمدون عليه بتعليمات مكتوبة حول الاستخدام المقصود ومستوى الدقة والقيود والحالات التي لا ينبغي فيها الوثوق بمخرجاته.,مبادئ أخلاقيات الذكاء الاصطناعي (سدايا): Transparency & Explainability; آيزو/آي إي سي 42001: A.8.2; إطار NIST لإدارة مخاطر الذكاء الاصطناعي: MAP 2.2; قانون الاتحاد الأوروبي للذكاء الاصطناعي: Art. 13,تم التحقق,مخاطر محدودة,,,
CTL-DAT-01,البيانات,مصادر البيانات ومنشؤها,توثيق مصدر كل مجموعة بيانات تُستخدم في بناء النظام أو ضبطه أو تشغيله، والحق في استخدامها، وطريقة جمعها وتجهيزها.,"أخلاقيات الذكاء الاصطناعي في دبي: Privacy; مبادئ أخلاقيات الذكاء الاصطناعي (سدايا): Privacy & Security; آيزو/آي إي سي 42001: A.7.2, A.7.3, A.7.5; إطار NIST لإدارة مخاطر الذكاء الاصطناعي: MAP 2.3; قانون الاتحاد الأوروبي للذكاء الاصطناعي: Art. 10",تم التحقق,مخاطر منخفضة أو معدومة,,,
CTL-DAT-02,البيانات,جودة البيانات وتمثيلها,التحقق من أن بيانات التدريب والإدخال دقيقة ومكتملة وممثِّلة للفئات التي سيؤثر فيها النظام، وتوثيق عمليات التحقق وأي فجوات.,"أخلاقيات الذكاء الاصطناعي في دبي: Fairness; مبادئ أخلاقيات الذكاء الاصطناعي (سدايا): Fairness, Accountability & Responsibility; آيزو/آي إي سي 42001: A.7.4, A.7.6; إطار NIST لإدارة مخاطر الذكاء الاصطناعي: MAP 2.3; قانون الاتحاد الأوروبي للذكاء الاصطناعي: Art. 10",تم التحقق,مخاطر محدودة,,,
CTL-DAT-03,البيانات,مراجعة الخصوصية وتقليل البيانات,عند استخدام بيانات شخصية، يجب إجراء مراجعة للخصوصية والاقتصار على الحد الأدنى من البيانات الشخصية اللازمة للغرض، بما يتوافق مع سياسة حماية البيانات في الجهة.,"ميثاق الإمارات للذكاء الاصطناعي: Data privacy; أخلاقيات الذكاء الاصطناعي في دبي: Privacy; مبادئ أخلاقيات الذكاء الاصطناعي (سدايا): Privacy & Security; آيزو/آي إي سي 42001: A.2.3, A.7.3; إطار NIST لإدارة مخاطر الذكاء الاصطناعي: MEASURE 2.10",بحاجة إلى تحقق,مخاطر منخفضة أو معدومة,,,
CTL-DAT-04,البيانات,تبرير استخدام السمات الحساسة,عدم استخدام السمات الحساسة أو ما يدل عليها بشكل غير مباشر كمدخلات للنموذج، ما لم يوجد مبرر موثّق ومعتمد مثل اختبار التحيّز.,أخلاقيات الذكاء الاصطناعي في دبي: Fairness; مبادئ أخلاقيات الذكاء الاصطناعي (سدايا): Fairness; آيزو/آي إي سي 42001: A.7.4; إطار NIST لإدارة مخاطر الذكاء الاصطناعي: MEASURE 2.11; قانون الاتحاد الأوروبي للذكاء الاصطناعي: Art. 10,تم التحقق,مخاطر محدودة,,,
CTL-DAT-05,البيانات,اختبار التحيّز والإنصاف,اختبار النتائج عبر الفئات ذات الصلة قبل الإطلاق وبعد التغييرات الجوهرية، مع تحديد حدّ مقبول مسبقًا، وتوثيق النتائج وأي إجراءات معالجة.,"ميثاق الإمارات للذكاء الاصطناعي: Algorithmic bias; أخلاقيات الذكاء الاصطناعي في دبي: Fairness; مبادئ أخلاقيات الذكاء الاصطناعي (سدايا): Fairness; آيزو/آي إي سي 42001: A.5.4, A.6.2.4; إطار NIST لإدارة مخاطر الذكاء الاصطناعي: MEASURE 2.11; قانون الاتحاد الأوروبي للذكاء الاصطناعي: Art. 10",بحاجة إلى تحقق,مخاطر محدودة,,,
CTL-DAT-06,البيانات,ضوابط إدخال البيانات في أدوات الذكاء الاصطناعي التوليدي,وضع قواعد واضحة لنوع المعلومات التي يجوز للموظفين إدخالها في أدوات الذكاء الاصطناعي التوليدي، ومنع إدخال البيانات الشخصية أو الحساسة أو المصنّفة في الخدمات الخارجية إلا بموافقة صريحة.,"أخلاقيات الذكاء الاصطناعي في دبي: Privacy; مبادئ أخلاقيات الذكاء الاصطناعي (سدايا): Privacy & Security; آيزو/آي إي سي 42001: A.2.3, A.9.2; إطار NIST لإدارة مخاطر الذكاء الاصطناعي: GOVERN 6.1, MEASURE 2.10",تم التحقق,مخاطر منخفضة أو معدومة,,,
CTL-DAT-07,البيانات,حقوق استخدام محتوى التدريب والإسناد,التأكد من امتلاك الجهة حق استخدام الوثائق والمحتوى المستخدم في تدريب النموذج أو ضبطه أو إسناد إجاباته، والاحتفاظ بسجل لهذا التحقق.,"مبادئ أخلاقيات الذكاء الاصطناعي (سدايا): Transparency & Explainability; آيزو/آي إي سي 42001: A.7.3, A.7.5; إطار NIST لإدارة مخاطر الذكاء الاصطناعي: MAP 4.1, GOVERN 6.1; قانون الاتحاد الأوروبي للذكاء الاصطناعي: Art. 53",تم التحقق,مخاطر محدودة,,,
CTL-HUM-01,الإشراف البشري,نموذج محدد للإشراف البشري,تحديد وتوثيق مواضع مراجعة البشر لمخرجات النظام أو الموافقة عليها أو مراقبتها لكل حالة استخدام، وإسناد هذا الدور إلى أشخاص يملكون الكفاءة والصلاحية للتدخل.,"ميثاق الإمارات للذكاء الاصطناعي: Human oversight; أخلاقيات الذكاء الاصطناعي في دبي: Security; مبادئ أخلاقيات الذكاء الاصطناعي (سدايا): Accountability & Responsibility; آيزو/آي إي سي 42001: A.6.1.3; إطار NIST لإدارة مخاطر الذكاء الاصطناعي: MAP 3.5, GOVERN 3.2; قانون الاتحاد الأوروبي للذكاء الاصطناعي: Art. 14, Art. 26",بحاجة إلى تحقق,مخاطر محدودة,,,
CTL-HUM-02,الإشراف البشري,حق الاعتراض على القرار,إتاحة مسار واضح للأفراد للاعتراض على أي قرار مهم استند إلى الذكاء الاصطناعي، ومراجعته من قِبل شخص مخوّل بتعديله.,أخلاقيات الذكاء الاصطناعي في دبي: Accountability; مبادئ أخلاقيات الذكاء الاصطناعي (سدايا): Transparency & Explainability; آيزو/آي إي سي 42001: A.8.3; إطار NIST لإدارة مخاطر الذكاء الاصطناعي: MEASURE 3.3,تم التحقق,مخاطر محدودة,,,
CTL-HUM-03,الإشراف البشري,الحدّ من الاعتماد المفرط على النظام,تدريب المراجعين على التحقق من مخرجات الذكاء الاصطناعي بدلًا من اعتمادها تلقائيًا، ومتابعة معدل تجاوزهم لتوصيات النظام بشكل دوري.,"آيزو/آي إي سي 42001: A.4.6; إطار NIST لإدارة مخاطر الذكاء الاصطناعي: MAP 3.4, GOVERN 3.2; قانون الاتحاد الأوروبي للذكاء الاصطناعي: Art. 14",تم التحقق,مخاطر مرتفعة,,,
CTL-HUM-04,الإشراف البشري,حدود الاستقلالية للوكلاء الأذكياء,توثيق ما يُسمح للوكيل الذكي بفعله باستقلالية وما يُحظر عليه تمامًا، والحدود التي يعمل ضمنها (مثل المبالغ أو أنواع السجلات أو عدد الإجراءات)، وفرض هذه الحدود تقنيًا.,"أخلاقيات الذكاء الاصطناعي في دبي: Security; مبادئ أخلاقيات الذكاء الاصطناعي (سدايا): Accountability & Responsibility; آيزو/آي إي سي 42001: A.9.4; إطار NIST لإدارة مخاطر الذكاء الاصطناعي: MAP 3.3, GOVERN 3.2; قانون الاتحاد الأوروبي للذكاء الاصطناعي: Art. 14",تم التحقق,مخاطر محدودة,,,
CTL-HUM-05,الإشراف البشري,موافقة بشرية على الإجراءات غير القابلة للتراجع,اشتراط موافقة شخص محدد على أي إجراء يقوم به الوكيل الذكي ويصعب التراجع عنه أو يؤثر تأثيرًا مهمًا في الأفراد، مثل المدفوعات أو الحذف أو المراسلات الخارجية أو القرارات المتعلقة بالاستحقاقات.,"ميثاق الإمارات للذكاء الاصطناعي: Human oversight; أخلاقيات الذكاء الاصطناعي في دبي: Security; مبادئ أخلاقيات الذكاء الاصطناعي (سدايا): Reliability & Safety; آيزو/آي إي سي 42001: A.6.1.3; إطار NIST لإدارة مخاطر الذكاء الاصطناعي: MAP 3.5, GOVERN 3.2; قانون الاتحاد الأوروبي للذكاء الاصطناعي: Art. 14",بحاجة إلى تحقق,مخاطر محدودة,,,
CTL-HUM-06,الإشراف البشري,آلية الإيقاف والتراجع,توفير آلية مُختبرة تمكّن الموظفين المخوّلين من إيقاف الوكيل الذكي مؤقتًا أو تعطيله فورًا، ومن عكس الإجراءات التي نفّذها أو تصحيحها.,أخلاقيات الذكاء الاصطناعي في دبي: Security; مبادئ أخلاقيات الذكاء الاصطناعي (سدايا): Accountability & Responsibility; آيزو/آي إي سي 42001: A.6.2.6; إطار NIST لإدارة مخاطر الذكاء الاصطناعي: MANAGE 2.4; قانون الاتحاد الأوروبي للذكاء الاصطناعي: Art. 14,تم التحقق,مخاطر محدودة,,,
CTL-SEC-01,السلامة والأمن,الاختبار قبل التشغيل,اختبار النظام وفق معايير محددة للدقة والسلامة، بما في ذلك المدخلات غير المعتادة والحالات القصوى، وفي ظروف قريبة من الاستخدام الفعلي قبل تشغيله.,"ميثاق الإمارات للذكاء الاصطناعي: Safety; أخلاقيات الذكاء الاصطناعي في دبي: Security; مبادئ أخلاقيات الذكاء الاصطناعي (سدايا): Reliability & Safety; آيزو/آي إي سي 42001: A.6.2.4; إطار NIST لإدارة مخاطر الذكاء الاصطناعي: MEASURE 2.5, MEASURE 2.6; قانون الاتحاد الأوروبي للذكاء الاصطناعي: Art. 15",بحاجة إلى تحقق,مخاطر محدودة,,,
CTL-SEC-02,السلامة والأمن,تقييم أمني خاص بالذكاء الاصطناعي,تقييم التهديدات الخاصة بالذكاء الاصطناعي مثل حقن الأوامر وتسميم البيانات وتسرّب البيانات عبر المخرجات، وتضمين المتطلبات الناتجة في مواصفات النظام.,أخلاقيات الذكاء الاصطناعي في دبي: Security; مبادئ أخلاقيات الذكاء الاصطناعي (سدايا): Privacy & Security; آيزو/آي إي سي 42001: A.6.2.2; إطار NIST لإدارة مخاطر الذكاء الاصطناعي: MEASURE 2.7; قانون الاتحاد الأوروبي للذكاء الاصطناعي: Art. 15,تم التحقق,مخاطر محدودة,,,
CTL-SEC-03,السلامة والأمن,ضوابط على المخرجات المُولَّدة,وضع ضوابط على مخرجات الذكاء الاصطناعي التوليدي (الإسناد إلى مصادر معتمدة، وتصفية المحتوى الضار أو غير الصحيح، والمراجعة البشرية عند الحاجة) قبل وصولها إلى المتعاملين أو استخدامها في القرارات.,أخلاقيات الذكاء الاصطناعي في دبي: Security; مبادئ أخلاقيات الذكاء الاصطناعي (سدايا): Reliability & Safety; آيزو/آي إي سي 42001: A.6.2.4; إطار NIST لإدارة مخاطر الذكاء الاصطناعي: MEASURE 2.6,تم التحقق,مخاطر محدودة,,,
CTL-SEC-04,السلامة والأمن,أقل صلاحيات ممكنة للأدوات والأذونات,منح الوكيل الذكي صلاحية الوصول فقط إلى الأدوات والأنظمة والبيانات اللازمة لمهمته، مع جعل الوصول للقراءة فقط افتراضيًا ومنح صلاحية الكتابة لكل حالة على حدة.,"أخلاقيات الذكاء الاصطناعي في دبي: Security; مبادئ أخلاقيات الذكاء الاصطناعي (سدايا): Privacy & Security; آيزو/آي إي سي 42001: A.4.4, A.6.2.2; إطار NIST لإدارة مخاطر الذكاء الاصطناعي: MAP 4.2; قانون الاتحاد الأوروبي للذكاء الاصطناعي: Art. 15",تم التحقق,مخاطر محدودة,,,
CTL-SEC-05,السلامة والأمن,بيئة تجريبية وإطلاق تدريجي للوكلاء,تشغيل الوكيل الذكي الجديد في بيئة اختبار أو وضع مراقبة تُسجَّل فيه الإجراءات المقترحة دون تنفيذها، قبل منحه وصولًا فعليًا، ثم توسيع نطاقه على مراحل.,"أخلاقيات الذكاء الاصطناعي في دبي: Security; مبادئ أخلاقيات الذكاء الاصطناعي (سدايا): Reliability & Safety; آيزو/آي إي سي 42001: A.6.2.4, A.6.2.5; إطار NIST لإدارة مخاطر الذكاء الاصطناعي: MEASURE 2.3, MEASURE 2.6",تم التحقق,مخاطر محدودة,,,
CTL-SEC-06,السلامة والأمن,البديل الاحتياطي والتوقف الآمن,تحديد ما يحدث عند تعطل النظام أو إيقافه، بما في ذلك وجود بديل يدوي أو غير معتمد على الذكاء الاصطناعي، لضمان استمرار الخدمة بأمان.,"مبادئ أخلاقيات الذكاء الاصطناعي (سدايا): Accountability & Responsibility; إطار NIST لإدارة مخاطر الذكاء الاصطناعي: MANAGE 2.1, MEASURE 2.6; قانون الاتحاد الأوروبي للذكاء الاصطناعي: Art. 15",تم التحقق,مخاطر محدودة,,,
CTL-SEC-07,السلامة والأمن,فحص الاستخدامات المحظورة,فحص كل حالة استخدام مقترحة للتأكد من عدم وقوعها ضمن الممارسات المحظورة، مثل التصنيف الاجتماعي أو التلاعب بالسلوك، وإيقاف أي حالة تندرج ضمنها.,أخلاقيات الذكاء الاصطناعي في دبي: Security; مبادئ أخلاقيات الذكاء الاصطناعي (سدايا): Reliability & Safety; آيزو/آي إي سي 42001: A.9.4; إطار NIST لإدارة مخاطر الذكاء الاصطناعي: MANAGE 1.1; قانون الاتحاد الأوروبي للذكاء الاصطناعي: Art. 5,تم التحقق,مخاطر منخفضة أو معدومة,,,
CTL-MON-01,المراقبة,مراقبة الأداء مع التنبيهات,مراقبة أداء النظام أثناء التشغيل وفق مؤشرات متفق عليها، وتحديد حدود التنبيه مسبقًا، وإسناد كل تنبيه إلى شخص مسؤول عن الاستجابة له.,"مبادئ أخلاقيات الذكاء الاصطناعي (سدايا): Accountability & Responsibility, Reliability & Safety; آيزو/آي إي سي 42001: A.6.2.6; إطار NIST لإدارة مخاطر الذكاء الاصطناعي: MEASURE 2.4, MANAGE 4.1; قانون الاتحاد الأوروبي للذكاء الاصطناعي: Art. 26, Art. 72",تم التحقق,مخاطر محدودة,,,
CTL-MON-02,المراقبة,تسجيل الأحداث,تسجيل المدخلات والمخرجات وإصدار النموذج والأحداث الرئيسية تلقائيًا، والاحتفاظ بالسجلات مدة كافية للتحقيق في الشكاوى والحوادث.,"أخلاقيات الذكاء الاصطناعي في دبي: Transparency; مبادئ أخلاقيات الذكاء الاصطناعي (سدايا): Transparency & Explainability; آيزو/آي إي سي 42001: A.6.2.8; إطار NIST لإدارة مخاطر الذكاء الاصطناعي: MEASURE 2.4; قانون الاتحاد الأوروبي للذكاء الاصطناعي: Art. 12, Art. 26",تم التحقق,مخاطر محدودة,,,
CTL-MON-03,المراقبة,سجل تدقيق لإجراءات الوكيل,تسجيل كل استدعاء لأداة وكل إجراء يقوم به الوكيل الذكي، مع المدخلات والمبرر والنتيجة وأي موافقة بشرية، في سجل لا يستطيع الوكيل نفسه تعديله.,أخلاقيات الذكاء الاصطناعي في دبي: Transparency; مبادئ أخلاقيات الذكاء الاصطناعي (سدايا): Transparency & Explainability; آيزو/آي إي سي 42001: A.6.2.8; إطار NIST لإدارة مخاطر الذكاء الاصطناعي: MEASURE 2.4; قانون الاتحاد الأوروبي للذكاء الاصطناعي: Art. 12,تم التحقق,مخاطر منخفضة أو معدومة,,,
CTL-MON-04,المراقبة,الاستجابة لحوادث الذكاء الاصطناعي,تحديد آلية الإبلاغ عن حوادث الذكاء الاصطناعي والأخطاء الجسيمة والتحقيق فيها ومعالجتها وإبلاغ المتأثرين بها، والجهات التنظيمية عند الاقتضاء.,"مبادئ أخلاقيات الذكاء الاصطناعي (سدايا): Transparency & Explainability; آيزو/آي إي سي 42001: A.8.4; إطار NIST لإدارة مخاطر الذكاء الاصطناعي: MANAGE 4.3, MANAGE 2.3; قانون الاتحاد الأوروبي للذكاء الاصطناعي: Art. 73",تم التحقق,مخاطر منخفضة أو معدومة,,,
CTL-MON-05,المراقبة,المراجعة الدورية وإعادة تصنيف المخاطر,مراجعة كل نظام وفق جدول زمني محدد وبعد أي تغييرات جوهرية، والتحقق من انحراف الأداء والمخاطر المستجدة، وتحديث مستوى المخاطر والضوابط المطبّقة.,"مبادئ أخلاقيات الذكاء الاصطناعي (سدايا): Reliability & Safety; آيزو/آي إي سي 42001: A.6.2.6; إطار NIST لإدارة مخاطر الذكاء الاصطناعي: GOVERN 1.5, MEASURE 3.1; قانون الاتحاد الأوروبي للذكاء الاصطناعي: Art. 9",تم التحقق,مخاطر محدودة,,,
CTL-MON-06,المراقبة,قناة للإبلاغ عن المخاوف,توفير قناة للموظفين والمستخدمين للإبلاغ عن المشكلات أو المخاوف المتعلقة بنظام الذكاء الاصطناعي، ومتابعة كل بلاغ حتى إغلاقه.,"مبادئ أخلاقيات الذكاء الاصطناعي (سدايا): Transparency & Explainability; آيزو/آي إي سي 42001: A.3.3, A.8.3; إطار NIST لإدارة مخاطر الذكاء الاصطناعي: GOVERN 5.1, MEASURE 3.3",تم التحقق,مخاطر منخفضة أو معدومة,,,
CTL-MON-07,المراقبة,الإيقاف النهائي الآمن,وضع خطة لإيقاف النظام نهائيًا تشمل حذف البيانات أو أرشفتها وإلغاء صلاحيات الوصول وإبلاغ المستخدمين، والالتزام بها عند سحبه من الخدمة.,"أخلاقيات الذكاء الاصطناعي في دبي: Security; آيزو/آي إي سي 42001: A.6.2.6; إطار NIST لإدارة مخاطر الذكاء الاصطناعي: GOVERN 1.7, MANAGE 2.4",تم التحقق,مخاطر منخفضة أو معدومة,,,
CTL-MON-08,المراقبة,مراقبة سلوك الوكيل والإيقاف التلقائي,مراقبة الوكلاء الأذكياء لرصد السلوك غير المعتاد مثل التكرار المستمر أو الارتفاع المفاجئ في عدد الإجراءات أو التكلفة أو محاولة استخدام أدوات خارج نطاقهم، وإيقافهم تلقائيًا عند بلوغ الحدود.,"أخلاقيات الذكاء الاصطناعي في دبي: Security; مبادئ أخلاقيات الذكاء الاصطناعي (سدايا): Accountability & Responsibility; آيزو/آي إي سي 42001: A.6.2.6; إطار NIST لإدارة مخاطر الذكاء الاصطناعي: MEASURE 2.4, MANAGE 2.4",تم التحقق,مخاطر محدودة,,,