section,question,options,answer,evidence
القسم,السؤال,الخيارات (النقاط),الإجابة,الأدلة / الملاحظات
الفحص السريع,على ماذا تؤثر مخرجات نظام الذكاء الاصطناعي؟,الإنتاجية الداخلية فقط (مسودات، ملخصات، بحث) (0); معلومات تُقدَّم للجمهور أو المتعاملين (5); توصيات للموظفين بشأن أشخاص بعينهم (15); قرارات تمس حقوق الأفراد أو مستحقاتهم أو وصولهم إلى الخدمات أو أموالهم (25); التصنيف الاجتماعي للأفراد، أو التلاعب بالسلوك، أو المراقبة البيومترية الفورية للجمهور (0),,
الفحص السريع,ما البيانات التي يستخدمها؟,لا بيانات عن الأشخاص، أو بيانات عامة فقط (0); بيانات عمل داخلية دون بيانات شخصية (3); بيانات شخصية (10); بيانات شخصية حساسة (18),,
الفحص السريع,من قد يتأثر؟,الموظفون فقط (3); المتعاملون أو الجمهور (8); فئات أكثر عرضة للتأثر (الأطفال، كبار السن، أصحاب الهمم) (15),,
الفحص السريع,ما نوع الذكاء الاصطناعي المستخدم؟,تنبؤي (يقيّم أو يصنّف أو يتوقع) (5); توليدي (يُنتج نصوصاً أو صوراً أو إجابات) (5); وكيلي (يخطط وينفّذ إجراءات) (10),,
الفحص السريع,إلى أي مدى يعمل باستقلالية؟,يقترح فقط؛ والإنسان يقرر وينفّذ (0); ينفّذ فقط بعد موافقة الإنسان (5); ينفّذ من تلقاء نفسه مع متابعة بشرية (15); مستقل تماماً دون تدخل بشري معتاد (25),,
الفحص السريع,كيف يراجع البشر عمله؟,يراجع شخصٌ كل مُخرج (0); مراجعة عينات أو الحالات الاستثنائية (5); فقط عند ورود شكوى (12); لا توجد مراجعة معتادة (20),,
الفحص السريع,ما الذي يمكنه تغييره في الأنظمة الأخرى؟,لا شيء: لا صلاحيات أو قراءة فقط (0); يكتب في أدوات داخلية غير حرجة (8); يكتب في أنظمة السجل، أو يجري مدفوعات، أو يرسل رسائل خارجية (15),,
الفحص السريع,إذا أخطأ، هل يمكن التراجع عن النتيجة؟,نعم، بسهولة (0); نعم، ولكن بجهد (6); لا، أو فقط مع ضرر دائم (15),,
التقييم المعمّق,كم عدد الأشخاص الذين يتأثرون به شهرياً؟,"أقل من 1,000 (0); من 1,000 إلى 100,000 (4); أكثر من 100,000 (8)",,
التقييم المعمّق,هل يمكنك شرح نتيجة بعينها للشخص المتأثر بها؟,نعم، بلغة واضحة (0); جزئياً (4); لا (8),,
التقييم المعمّق,هل يعتمد على نموذج أو خدمة من طرف ثالث؟,لا، مطوَّر ومستضاف داخلياً (0); نعم، مستضاف داخل الدولة وتحت سيطرتنا (3); نعم، خدمة خارجية خارج سيطرتنا (6),,
التقييم المعمّق,هل تنتقل البيانات خارج الدولة؟,لا (0); غير متأكد (4); نعم (6),,
التقييم المعمّق,هل اختُبر للتأكد من عدم تحيّز نتائجه بين الفئات المختلفة؟,نعم، بنتائج موثّقة (0); مخطط له ولم يُنفَّذ بعد (4); لا (8),,
التقييم المعمّق,هل اختُبر ضد إساءة الاستخدام والهجمات (مثل حقن التعليمات)؟,نعم (0); مخطط له (4); لا (8),,
التقييم المعمّق,هل يُراقَب أداؤه بعد الإطلاق؟,نعم، بمؤشرات ومسؤولين محددين (0); بشكل غير منتظم (4); لا (8),,
التقييم المعمّق,هل توجد آلية لإيقافه ومعالجة الحوادث؟,نعم، موثّقة ومختبرة (0); جزئياً (4); لا (8),,
التقييم المعمّق,هل يُستخدم في مجال خاضع للتنظيم؟,لا (0); نعم (6),,
التقييم المعمّق,هل يُبلَّغ الأشخاص بأنهم يتعاملون مع ذكاء اصطناعي؟,نعم، بوضوح (0); لا (5),,
,,,,
,المستوى الناتج,,,
,الأسباب,,,
,الاعتماد,,,
,أعدّه,,,
,راجعه,,,
,القرار,,,
,التاريخ,,,